id,first_name,last_name,email,gender,address
1,Darsie,Chappel,dchappel0@reuters.com,Female,Room 1474
2,Donnie,Winman,dwinman1@jigsy.com,Male,Room 981
3,Evy,Wych,ewych2@ox.ac.uk,Female,Apt 992
4,Euphemia,Clearie,eclearie3@mac.com,Polygender,Room 1047
5,Devin,Wornum,dwornum4@paypal.com,Female,PO Box 12435
6,Theresa,Howford,thowford5@edublogs.org,Female,Suite 25
7,Kristien,Streather,kstreather6@umich.edu,Female,Suite 28
8,Sig,Gehring,sgehring7@seattletimes.com,Male,Apt 1618
9,Whitaker,Demanche,wdemanche8@illinois.edu,Male,Suite 53
10,Adriane,Croose,acroose9@merriam-webster.com,Female,PO Box 48776
11,Ethan,Feltoe,efeltoea@noaa.gov,Male,PO Box 33942
12,Slade,Sorbie,ssorbieb@howstuffworks.com,Male,Apt 1134
13,King,Walaron,kwalaronc@foxnews.com,Male,Apt 1918
14,Bernice,Lesslie,blesslied@wsj.com,Female,4th Floor
15,Karylin,Weedall,kweedalle@blogger.com,Female,PO Box 33832
16,Yale,Draijer,ydraijerf@wiley.com,Male,Room 1181
17,Mara,Hunting,mhuntingg@arizona.edu,Female,2nd Floor
18,Miles,Vaughan-Hughes,mvaughanhughesh@discovery.com,Male,PO Box 60572
19,Dredi,Spondley,dspondleyi@networkadvertising.org,Female,19th Floor
20,Conant,Maylor,cmaylorj@slate.com,Male,PO Box 31550
21,Meagan,Andriveau,mandriveauk@cocolog-nifty.com,Female,Apt 882
22,Alexei,Ballingal,aballingall@skyrock.com,Male,Apt 156
23,Abagael,Deboy,adeboym@businessweek.com,Non-binary,Suite 79
24,Ianthe,Stelfax,istelfaxn@tinypic.com,Female,19th Floor
25,Noel,Dik,ndiko@nbcnews.com,Female,PO Box 70731
26,Bourke,Trass,btrassp@latimes.com,Male,PO Box 57877
27,Madalyn,Gusticke,mgustickeq@ucla.edu,Female,Suite 80
28,Charmion,Abbess,cabbessr@google.com.br,Female,Apt 884
29,Jasper,Whitton,jwhittons@typepad.com,Male,12th Floor
30,Washington,Silbermann,wsilbermannt@dagondesign.com,Male,Apt 828
31,Elihu,Hills,ehillsu@netscape.com,Male,Suite 70
32,Ladonna,Spelwood,lspelwoodv@buzzfeed.com,Female,Suite 23
33,Marthena,Gallichiccio,mgallichicciow@soup.io,Female,PO Box 54694
34,Kyle,Titchard,ktitchardx@canalblog.com,Male,Suite 37
35,Leena,Chrystie,lchrystiey@loc.gov,Female,PO Box 97443
36,Hillard,Romayn,hromaynz@1und1.de,Non-binary,Suite 29
37,Shawnee,Brundell,sbrundell10@wix.com,Female,Suite 43
38,Damien,MacGuffog,dmacguffog11@mapy.cz,Male,PO Box 98395
39,Sutherlan,Pirdy,spirdy12@flavors.me,Male,PO Box 30870
40,Garnet,Littlechild,glittlechild13@360.cn,Agender,17th Floor
41,Micheil,Fantonetti,mfantonetti14@xinhuanet.com,Male,Suite 52
42,Suzie,Cowill,scowill15@cbslocal.com,Female,Apt 215
43,Emlyn,Siveyer,esiveyer16@domainmarket.com,Female,PO Box 46269
44,Alicia,Tidswell,atidswell17@google.com,Female,Suite 6
45,Kalil,Paula,kpaula18@histats.com,Male,11th Floor
46,Kaile,Hargitt,khargitt19@storify.com,Bigender,Apt 155
47,Arch,Elacoate,aelacoate1a@paypal.com,Male,PO Box 7431
48,Erika,Warre,ewarre1b@goodreads.com,Female,PO Box 84500
49,Rey,Shotboult,rshotboult1c@linkedin.com,Bigender,PO Box 1782
50,Alard,Bowart,abowart1d@topsy.com,Male,2nd Floor
51,Maribel,Stodit,mstodit1e@mysql.com,Female,Apt 647
52,Adams,Woffenden,awoffenden1f@blogs.com,Male,Apt 1045
53,Silvio,Rassell,srassell1g@craigslist.org,Male,11th Floor
54,Leupold,Beedham,lbeedham1h@1688.com,Male,Room 1320
55,Tessa,Telega,ttelega1i@japanpost.jp,Female,PO Box 49193
56,Chad,Heaffey,cheaffey1j@newsvine.com,Female,PO Box 28668
57,Ethelbert,Vossing,evossing1k@nyu.edu,Male,PO Box 63865
58,Ivan,Volks,ivolks1l@vistaprint.com,Male,Suite 17
59,Albie,Wailes,awailes1m@google.com.br,Male,Room 1146
60,Sheila,Lyddiatt,slyddiatt1n@privacy.gov.au,Female,Suite 75
61,Bret,Caldicott,bcaldicott1o@elegantthemes.com,Agender,5th Floor
62,Lionel,McLeish,lmcleish1p@bing.com,Male,PO Box 24004
63,Delilah,Velten,dvelten1q@walmart.com,Female,12th Floor
64,Paola,Pilgram,ppilgram1r@bloglovin.com,Female,Room 906
65,Lucie,Firpi,lfirpi1s@netlog.com,Female,Room 430
66,Charmane,Trenouth,ctrenouth1t@gov.uk,Female,PO Box 1383
67,Hanan,Swetman,hswetman1u@wisc.edu,Male,Room 149
68,Esma,Braine,ebraine1v@biblegateway.com,Female,11th Floor
69,Twyla,Randalston,trandalston1w@cbslocal.com,Female,Apt 516
70,Whitney,Soldner,wsoldner1x@tumblr.com,Female,Suite 22
71,Rachelle,Yurenin,ryurenin1y@icq.com,Female,7th Floor
72,Lonni,Hesbrook,lhesbrook1z@unblog.fr,Female,Suite 91
73,Arlee,St Pierre,astpierre20@nydailynews.com,Female,4th Floor
74,Blisse,Loncaster,bloncaster21@economist.com,Female,4th Floor
75,Rabi,Kwiek,rkwiek22@phpbb.com,Genderqueer,Room 492
76,Aharon,Yoseloff,ayoseloff23@4shared.com,Male,Room 1910
77,Harriette,Obin,hobin24@pcworld.com,Female,Room 919
78,Lucia,Leete,lleete25@nydailynews.com,Female,PO Box 99400
79,Derry,McPike,dmcpike26@tuttocitta.it,Male,Room 1538
80,Thaxter,Perkin,tperkin27@goo.ne.jp,Male,16th Floor
81,Gerhardt,Longstaff,glongstaff28@xing.com,Male,Room 1781
82,Ethelda,Chaplyn,echaplyn29@altervista.org,Female,PO Box 56289
83,Mattias,Blayney,mblayney2a@bbc.co.uk,Male,Apt 1152
84,Nataniel,Lackner,nlackner2b@webnode.com,Male,Suite 74
85,Sondra,Bonder,sbonder2c@studiopress.com,Female,Room 1549
86,Cathe,Batalini,cbatalini2d@newsvine.com,Female,Suite 56
87,Gonzalo,Horley,ghorley2e@wordpress.com,Male,Suite 55
88,Elisha,Rodenborch,erodenborch2f@moonfruit.com,Female,Room 1972
89,Hewitt,Deacon,hdeacon2g@behance.net,Bigender,Apt 802
90,Shalom,Punyer,spunyer2h@alexa.com,Male,Suite 28
91,Jana,Randleson,jrandleson2i@shinystat.com,Female,2nd Floor
92,Lucila,Kienle,lkienle2j@baidu.com,Female,Suite 100
93,Krishnah,Dottridge,kdottridge2k@discuz.net,Male,Room 847
94,Brennen,Gransden,bgransden2l@seattletimes.com,Male,PO Box 69946
95,Leontine,Pullin,lpullin2m@fotki.com,Female,Room 105
96,Dore,Wass,dwass2n@ox.ac.uk,Male,Suite 57
97,Chelsy,Manach,cmanach2o@baidu.com,Female,Suite 84
98,Olvan,Struan,ostruan2p@sun.com,Male,Room 61
99,Valeda,Milroy,vmilroy2q@cornell.edu,Female,Room 1534
100,Sonni,Briars,sbriars2r@baidu.com,Female,Room 704
101,Cecil,Carl,ccarl2s@psu.edu,Male,Suite 30
102,Ansell,MacCallester,amaccallester2t@twitter.com,Male,Suite 54
103,Avril,Beckitt,abeckitt2u@sun.com,Genderqueer,Room 1810
104,Timofei,Zuann,tzuann2v@ow.ly,Male,Room 149
105,Patsy,Keemer,pkeemer2w@tinyurl.com,Male,Room 1677
106,Kizzee,Brymham,kbrymham2x@bloomberg.com,Female,PO Box 62774
107,Chris,Weippert,cweippert2y@wikimedia.org,Male,Apt 1456
108,Genovera,Hawkswood,ghawkswood2z@printfriendly.com,Female,1st Floor
109,Aindrea,Colvill,acolvill30@hp.com,Female,Apt 1912
110,Danya,Chalder,dchalder31@redcross.org,Female,PO Box 98173
111,Walton,Vooght,wvooght32@slate.com,Male,10th Floor
112,Blithe,Beeke,bbeeke33@census.gov,Female,Apt 169
113,Kiah,Greenman,kgreenman34@photobucket.com,Female,Apt 1088
114,Derek,Mountford,dmountford35@eventbrite.com,Male,PO Box 24508
115,Doralynn,Plett,dplett36@vkontakte.ru,Non-binary,Suite 92
116,Amery,Chave,achave37@elpais.com,Male,Apt 193
117,Ulick,Pinwell,upinwell38@tamu.edu,Male,19th Floor
118,Maryrose,MacGettigen,mmacgettigen39@aol.com,Female,4th Floor
119,Brear,Jurasek,bjurasek3a@nih.gov,Female,Suite 76
120,Chiquia,Lamburn,clamburn3b@google.nl,Female,PO Box 27611
121,Linus,Wyld,lwyld3c@google.ca,Male,Room 438
122,Cyrille,Knifton,cknifton3d@sina.com.cn,Male,Suite 58
123,Deena,Pacheco,dpacheco3e@umn.edu,Female,Room 160
124,Idell,Howlin,ihowlin3f@sphinn.com,Female,Apt 1768
125,Darby,Locke,dlocke3g@disqus.com,Male,PO Box 68761
126,Harriette,Conduit,hconduit3h@patch.com,Female,PO Box 56646
127,Kynthia,Gange,kgange3i@twitter.com,Female,Room 1167
128,Stacee,Mounsey,smounsey3j@woothemes.com,Female,11th Floor
129,Electra,Caro,ecaro3k@yahoo.com,Female,Apt 17
130,Buck,Rahlof,brahlof3l@arstechnica.com,Male,Apt 886
131,Torey,Heare,theare3m@reference.com,Male,Suite 83
132,Sibel,Sander,ssander3n@photobucket.com,Female,Room 1686
133,Deonne,Garrity,dgarrity3o@jiathis.com,Female,Apt 1242
134,Hurleigh,Cordie,hcordie3p@census.gov,Male,Room 1228
135,Tymon,Girtin,tgirtin3q@zimbio.com,Male,Apt 966
136,Petey,Kendle,pkendle3r@samsung.com,Male,PO Box 45902
137,Manolo,McKiernan,mmckiernan3s@cnbc.com,Male,Apt 952
138,Douglas,Youles,dyoules3t@usa.gov,Male,Apt 1256
139,Michal,Learmount,mlearmount3u@huffingtonpost.com,Male,Apt 625
140,Bent,Knutton,bknutton3v@gmpg.org,Male,Apt 1614
141,Hakim,Bilborough,hbilborough3w@cdc.gov,Polygender,12th Floor
142,Dasya,Brough,dbrough3x@yahoo.com,Female,PO Box 20270
143,Sydney,Bolsteridge,sbolsteridge3y@qq.com,Male,Suite 7
144,Nellie,McGerraghty,nmcgerraghty3z@parallels.com,Female,Suite 98
145,Konstantine,Arundale,karundale40@ameblo.jp,Male,PO Box 22878
146,Jinny,Castelain,jcastelain41@time.com,Female,Room 1137
147,Ulick,Baston,ubaston42@hud.gov,Male,Apt 503
148,Kimbell,Brister,kbrister43@ox.ac.uk,Male,Apt 859
149,Bard,Vonasek,bvonasek44@toplist.cz,Male,PO Box 22798
150,See,Cogger,scogger45@forbes.com,Male,Suite 90
151,Papagena,Skough,pskough46@who.int,Polygender,Suite 68
152,Brena,Chandlar,bchandlar47@yandex.ru,Female,PO Box 91988
153,Charley,Lackney,clackney48@xinhuanet.com,Male,Suite 100
154,Bennett,Sweatland,bsweatland49@symantec.com,Male,Room 133
155,Bondie,Burdess,bburdess4a@unc.edu,Male,PO Box 88820
156,Lothario,Bemlott,lbemlott4b@pinterest.com,Male,Apt 1929
157,Caterina,Benyan,cbenyan4c@over-blog.com,Female,4th Floor
158,Tomlin,Treadwell,ttreadwell4d@columbia.edu,Male,Apt 859
159,Harmon,Esby,hesby4e@shutterfly.com,Male,2nd Floor
160,Loralie,Yegorkin,lyegorkin4f@sourceforge.net,Female,Suite 10
161,Sadie,Littleton,slittleton4g@wunderground.com,Female,Suite 35
162,Karna,Thirlwall,kthirlwall4h@nymag.com,Female,Room 1430
163,Dorene,Rastrick,drastrick4i@cafepress.com,Female,18th Floor
164,Elton,Ells,eells4j@blogs.com,Male,PO Box 38683
165,Brietta,Galero,bgalero4k@noaa.gov,Female,Suite 53
166,Waylen,Parslow,wparslow4l@domainmarket.com,Male,Suite 89
167,Kasper,MacGibbon,kmacgibbon4m@dion.ne.jp,Male,3rd Floor
168,Cordi,Spenton,cspenton4n@discuz.net,Female,9th Floor
169,Currey,Blazek,cblazek4o@bigcartel.com,Male,Suite 24
170,Terencio,Ryley,tryley4p@seattletimes.com,Genderfluid,Room 1237
171,Sayre,Zappel,szappel4q@zdnet.com,Female,Apt 694
172,Bone,Dix,bdix4r@so-net.ne.jp,Male,PO Box 34432
173,Jordan,Stringer,jstringer4s@issuu.com,Female,PO Box 45451
174,Drucill,Heaford,dheaford4t@globo.com,Female,7th Floor
175,Katee,Bicheno,kbicheno4u@hhs.gov,Female,PO Box 81209
176,Sunshine,Blemings,sblemings4v@vistaprint.com,Female,10th Floor
177,Deb,Labusch,dlabusch4w@squidoo.com,Non-binary,Apt 234
178,Richmound,Giraudoux,rgiraudoux4x@imdb.com,Male,8th Floor
179,Caleb,Cecchi,ccecchi4y@npr.org,Male,10th Floor
180,Beatrice,Danelut,bdanelut4z@wix.com,Female,Room 1700
181,Friedrich,Burbidge,fburbidge50@multiply.com,Male,Room 1073
182,Gnni,Lyffe,glyffe51@php.net,Female,Apt 882
183,Dixie,Joubert,djoubert52@microsoft.com,Female,Room 1823
184,Hildy,Guenther,hguenther53@wsj.com,Female,Apt 1722
185,Bernadene,Sillwood,bsillwood54@topsy.com,Female,Suite 21
186,Gussie,Slayny,gslayny55@myspace.com,Female,PO Box 6764
187,Nalani,Doughartie,ndoughartie56@sbwire.com,Female,1st Floor
188,Hasty,McComb,hmccomb57@wordpress.org,Male,Suite 83
189,Antonin,Belch,abelch58@t.co,Male,PO Box 120
190,Dixie,McDonand,dmcdonand59@seesaa.net,Female,6th Floor
191,Cesar,Giblin,cgiblin5a@webnode.com,Male,Suite 98
192,Giulio,Jewise,gjewise5b@lulu.com,Male,Suite 79
193,Tiffany,Hurring,thurring5c@sphinn.com,Female,Room 1318
194,Hephzibah,Sheeran,hsheeran5d@virginia.edu,Female,Apt 931
195,Creigh,Rawle,crawle5e@wired.com,Male,1st Floor
196,Bruno,Waterfield,bwaterfield5f@google.co.uk,Male,PO Box 35296
197,Sutherlan,Tenwick,stenwick5g@amazon.de,Male,Room 1868
198,Albertine,Childerhouse,achilderhouse5h@bigcartel.com,Female,Room 991
199,Tait,Magnus,tmagnus5i@facebook.com,Male,9th Floor
200,Laurie,Crimpe,lcrimpe5j@mozilla.org,Male,17th Floor
201,Brandea,Larchier,blarchier5k@prlog.org,Female,Suite 90
202,Filia,Gimlet,fgimlet5l@oaic.gov.au,Female,19th Floor
203,Carey,Weedon,cweedon5m@army.mil,Male,Apt 461
204,Arlie,McCowen,amccowen5n@blogger.com,Non-binary,Room 1275
205,Tripp,Ketteridge,tketteridge5o@stumbleupon.com,Male,PO Box 89589
206,Agnese,Rutley,arutley5p@statcounter.com,Female,Apt 1933
207,Grange,Oatley,goatley5q@netvibes.com,Male,Suite 45
208,Tucker,Prigg,tprigg5r@virginia.edu,Non-binary,PO Box 4825
209,Sammy,Brunroth,sbrunroth5s@sbwire.com,Male,Apt 886
210,Chery,Sleep,csleep5t@buzzfeed.com,Female,Suite 87
211,Stanfield,Dilrew,sdilrew5u@constantcontact.com,Male,Room 859
212,Natalina,Insall,ninsall5v@networkadvertising.org,Genderqueer,PO Box 76253
213,Caspar,Pengilley,cpengilley5w@prlog.org,Genderqueer,Apt 1043
214,Kary,Van't Hoff,kvanthoff5x@unesco.org,Female,Room 49
215,Sigismond,Capnerhurst,scapnerhurst5y@ameblo.jp,Male,PO Box 12838
216,Giovanni,Rigardeau,grigardeau5z@imdb.com,Male,Room 18
217,Lennard,Larkby,llarkby60@angelfire.com,Male,Room 462
218,Malanie,Dymock,mdymock61@joomla.org,Female,Apt 644
219,Jacki,Wordsworth,jwordsworth62@europa.eu,Female,Room 172
220,Ramonda,Odell,rodell63@nyu.edu,Female,Suite 63
221,Kristian,Castiglio,kcastiglio64@liveinternet.ru,Male,Suite 90
222,Burke,Milliken,bmilliken65@flickr.com,Male,Room 1137
223,Delmor,Colleer,dcolleer66@newyorker.com,Male,Suite 97
224,Trix,Lismer,tlismer67@marketwatch.com,Female,Suite 96
225,Cathie,MacAnespie,cmacanespie68@bigcartel.com,Female,Room 745
226,Ware,Henrionot,whenrionot69@scribd.com,Male,Apt 215
227,Hube,Quarless,hquarless6a@tmall.com,Male,PO Box 3806
228,Craig,Freegard,cfreegard6b@xrea.com,Male,Suite 67
229,Nicolis,Flaws,nflaws6c@yellowbook.com,Male,PO Box 54402
230,Gianina,Schall,gschall6d@mashable.com,Female,Suite 23
231,Sarette,Tousy,stousy6e@discovery.com,Female,Apt 211
232,Felike,Cheesman,fcheesman6f@linkedin.com,Male,PO Box 30014
233,Wynn,Steinor,wsteinor6g@sciencedaily.com,Male,Room 789
234,Isobel,Chilles,ichilles6h@irs.gov,Female,10th Floor
235,Ardenia,Hawkey,ahawkey6i@ibm.com,Female,Apt 401
236,Jase,Treadwell,jtreadwell6j@bravesites.com,Male,PO Box 67342
237,Olivero,Hardcastle,ohardcastle6k@geocities.com,Male,3rd Floor
238,Kenon,Treagus,ktreagus6l@mapy.cz,Genderqueer,Room 643
239,Arlin,Crus,acrus6m@usa.gov,Male,8th Floor
240,Alexandro,Sparsholt,asparsholt6n@webeden.co.uk,Male,2nd Floor
241,Ingelbert,Boome,iboome6o@nationalgeographic.com,Male,Suite 4
242,Elwood,Warbey,ewarbey6p@scribd.com,Male,18th Floor
243,Idell,De Robertis,iderobertis6q@google.co.jp,Female,20th Floor
244,Wake,Galvan,wgalvan6r@google.de,Male,Room 1131
245,Laurette,Ringham,lringham6s@imgur.com,Female,Room 389
246,Meg,Grimmett,mgrimmett6t@squarespace.com,Female,Apt 153
247,Nikola,Parnham,nparnham6u@istockphoto.com,Male,Apt 1043
248,Rand,Luty,rluty6v@phoca.cz,Male,Suite 6
249,Curcio,Stiegers,cstiegers6w@netlog.com,Male,2nd Floor
250,Irwinn,Whewell,iwhewell6x@freewebs.com,Agender,Apt 1978
251,Nessa,Fedynski,nfedynski6y@alexa.com,Female,19th Floor
252,Coleen,Sowray,csowray6z@ow.ly,Female,PO Box 63109
253,Analiese,O'Boyle,aoboyle70@blogtalkradio.com,Female,8th Floor
254,Bertie,Kerby,bkerby71@geocities.com,Female,Room 70
255,Cazzie,Crosetto,ccrosetto72@netvibes.com,Male,10th Floor
256,Tulley,Inskipp,tinskipp73@godaddy.com,Male,Suite 30
257,Farris,Bangs,fbangs74@adobe.com,Male,Apt 1643
258,Christian,Keune,ckeune75@php.net,Male,Suite 66
259,Livvie,Josey,ljosey76@yahoo.com,Female,Room 1577
260,Deena,Liger,dliger77@wiley.com,Female,Room 1408
261,Cristen,Shutt,cshutt78@taobao.com,Female,PO Box 63556
262,Chaunce,Mathieson,cmathieson79@narod.ru,Male,PO Box 99889
263,Cullie,Backler,cbackler7a@princeton.edu,Male,3rd Floor
264,Herc,Aughtie,haughtie7b@google.pl,Male,Suite 86
265,Colman,Clemmett,cclemmett7c@answers.com,Male,Suite 27
266,Reeta,Theurer,rtheurer7d@privacy.gov.au,Female,PO Box 55399
267,Chilton,Biss,cbiss7e@etsy.com,Genderfluid,Suite 20
268,Orsola,Abramowsky,oabramowsky7f@umn.edu,Bigender,Suite 40
269,Wilma,Chiommienti,wchiommienti7g@bloglines.com,Female,PO Box 77942
270,Turner,Hawk,thawk7h@angelfire.com,Male,Suite 50
271,Jorge,Venard,jvenard7i@ycombinator.com,Male,PO Box 31367
272,Brynne,Routley,broutley7j@cisco.com,Female,Suite 42
273,Lynna,Soldan,lsoldan7k@amazonaws.com,Female,PO Box 63467
274,Quincey,Mabbot,qmabbot7l@sciencedaily.com,Male,PO Box 92098
275,Franz,Pohlak,fpohlak7m@taobao.com,Male,Suite 30
276,Genevra,Brayshay,gbrayshay7n@skyrock.com,Genderqueer,9th Floor
277,Cyrillus,Drogan,cdrogan7o@theatlantic.com,Male,Apt 1069
278,Vanni,Knappen,vknappen7p@godaddy.com,Female,Room 868
279,Bidget,Chaves,bchaves7q@vistaprint.com,Female,Apt 1809
280,Abie,Caird,acaird7r@vinaora.com,Male,Suite 63
281,Orland,Eustis,oeustis7s@t.co,Male,Apt 240
282,Konstantin,Ubsdell,kubsdell7t@feedburner.com,Agender,PO Box 52310
283,Huntley,Willishire,hwillishire7u@buzzfeed.com,Male,Suite 26
284,Aland,Pohling,apohling7v@edublogs.org,Polygender,Apt 1903
285,Louis,Foxen,lfoxen7w@wsj.com,Male,Room 246
286,Adey,MacKibbon,amackibbon7x@ask.com,Female,7th Floor
287,Josias,Ondrasek,jondrasek7y@china.com.cn,Male,PO Box 93932
288,Jolyn,Bridgnell,jbridgnell7z@pen.io,Female,11th Floor
289,Joletta,Mabson,jmabson80@toplist.cz,Female,PO Box 37739
290,Maddalena,Begent,mbegent81@liveinternet.ru,Female,11th Floor
291,Hobard,Crystal,hcrystal82@apple.com,Male,PO Box 97362
292,Illa,Curteis,icurteis83@netlog.com,Female,Suite 88
293,Sashenka,Lowton,slowton84@auda.org.au,Polygender,PO Box 14369
294,Parry,Sreenan,psreenan85@wikia.com,Male,18th Floor
295,Justino,Gaunson,jgaunson86@hexun.com,Male,8th Floor
296,Tobye,Beceril,tbeceril87@imageshack.us,Female,Apt 1
297,Leland,Ivory,livory88@dailymail.co.uk,Female,11th Floor
298,Shaun,Curley,scurley89@businessinsider.com,Male,Apt 1778
299,Standford,Patterson,spatterson8a@ed.gov,Male,PO Box 22005
300,Zolly,Hyslop,zhyslop8b@jiathis.com,Male,PO Box 67702
301,Fabian,Stoakes,fstoakes8c@technorati.com,Non-binary,Apt 1110
302,Urbanus,Macvain,umacvain8d@webs.com,Agender,11th Floor
303,Amelina,Brownett,abrownett8e@scribd.com,Female,Room 374
304,Sunshine,Bronot,sbronot8f@newyorker.com,Female,PO Box 61232
305,Bartholemy,Pauleit,bpauleit8g@posterous.com,Male,16th Floor
306,Jamil,Mc Meekan,jmcmeekan8h@prnewswire.com,Male,Suite 41
307,Iain,Guiot,iguiot8i@taobao.com,Male,12th Floor
308,Kristel,Brambill,kbrambill8j@prnewswire.com,Female,19th Floor
309,Corliss,Saffen,csaffen8k@barnesandnoble.com,Female,PO Box 76777
310,Salmon,Patrickson,spatrickson8l@printfriendly.com,Male,Apt 408
311,Gerrard,Rizzardi,grizzardi8m@whitehouse.gov,Male,14th Floor
312,Rustie,Baggs,rbaggs8n@nasa.gov,Male,PO Box 53921
313,Efren,Marusyak,emarusyak8o@nba.com,Male,PO Box 96164
314,Marga,Redmain,mredmain8p@wp.com,Female,Suite 56
315,Rriocard,Jacques,rjacques8q@xrea.com,Male,8th Floor
316,Glennie,Fassam,gfassam8r@flickr.com,Female,Apt 515
317,Cyrill,Norcott,cnorcott8s@flavors.me,Agender,13th Floor
318,Hurley,McFarland,hmcfarland8t@si.edu,Male,Room 1882
319,Marijn,Cudworth,mcudworth8u@opensource.org,Male,Suite 88
320,Charley,Chalk,cchalk8v@sohu.com,Male,Suite 59
321,Ferguson,Woodroff,fwoodroff8w@timesonline.co.uk,Male,PO Box 44074
322,Heidie,Carss,hcarss8x@github.com,Female,Suite 58
323,Bernie,Gimeno,bgimeno8y@infoseek.co.jp,Female,10th Floor
324,Cecilio,Baudic,cbaudic8z@cmu.edu,Male,PO Box 62566
325,Michael,Reskelly,mreskelly90@opera.com,Male,PO Box 83025
326,Mari,Goodbourn,mgoodbourn91@vimeo.com,Female,Suite 53
327,Moria,Mettrick,mmettrick92@un.org,Female,Room 1372
328,Alyce,Kurt,akurt93@wikipedia.org,Female,Room 1940
329,Terri,Kernoghan,tkernoghan94@spotify.com,Female,Suite 14
330,Angelle,Burnyeat,aburnyeat95@artisteer.com,Female,Room 322
331,Fiorenze,Crosbie,fcrosbie96@123-reg.co.uk,Female,Room 287
332,Karry,Edworthie,kedworthie97@desdev.cn,Female,Apt 1013
333,Yorker,Yerrell,yyerrell98@instagram.com,Male,4th Floor
334,Jobey,Bouchard,jbouchard99@ow.ly,Female,Suite 93
335,Janeczka,Petrov,jpetrov9a@redcross.org,Female,Apt 283
336,Reynolds,Illem,rillem9b@sohu.com,Male,Apt 1621
337,Cobby,Skerme,cskerme9c@dailymotion.com,Male,Suite 24
338,Vannie,Kenwood,vkenwood9d@sun.com,Female,Suite 55
339,Avis,Shotton,ashotton9e@cdbaby.com,Bigender,Suite 100
340,Adel,Jenny,ajenny9f@abc.net.au,Female,PO Box 88261
341,Sylvan,Baggs,sbaggs9g@sina.com.cn,Male,PO Box 81131
342,Bevan,Hyland,bhyland9h@github.io,Male,Suite 41
343,Alonzo,Grute,agrute9i@craigslist.org,Male,Room 42
344,Hyacinthie,Autry,hautry9j@cdbaby.com,Female,Suite 82
345,Malva,Ledgard,mledgard9k@reuters.com,Female,Room 760
346,Elisa,Ibbett,eibbett9l@cdbaby.com,Bigender,Suite 55
347,Terrel,Prosser,tprosser9m@stumbleupon.com,Agender,Room 775
348,Callida,Cockren,ccockren9n@techcrunch.com,Female,Apt 328
349,Betti,Childers,bchilders9o@economist.com,Female,PO Box 3085
350,Parker,Stubbings,pstubbings9p@fema.gov,Male,Room 309
351,Guenevere,Camamile,gcamamile9q@godaddy.com,Female,Apt 1907
352,Karalynn,Ozelton,kozelton9r@123-reg.co.uk,Female,Room 308
353,Waylan,Briamo,wbriamo9s@sohu.com,Male,Apt 1359
354,Florian,Baverstock,fbaverstock9t@amazonaws.com,Male,Room 1247
355,Vikki,Presser,vpresser9u@blogtalkradio.com,Female,Room 420
356,Carolan,Mortell,cmortell9v@baidu.com,Female,Suite 73
357,Celisse,Collabine,ccollabine9w@altervista.org,Female,Suite 17
358,Sula,Wychard,swychard9x@dyndns.org,Female,Room 697
359,Della,Stapford,dstapford9y@accuweather.com,Female,Room 1150
360,Urban,Dunabie,udunabie9z@theguardian.com,Male,PO Box 40314
361,Denney,Morrant,dmorranta0@bing.com,Male,Room 148
362,Mel,Gayforth,mgayfortha1@vinaora.com,Female,Apt 1961
363,Miquela,Early,mearlya2@1688.com,Female,Apt 1809
364,Monro,Mayzes,mmayzesa3@ask.com,Male,PO Box 17027
365,Yule,Youles,yyoulesa4@redcross.org,Male,Apt 687
366,Edd,Bosward,eboswarda5@alexa.com,Male,PO Box 40832
367,Prissie,Goodwyn,pgoodwyna6@reverbnation.com,Female,Room 1217
368,Guglielmo,Poyntz,gpoyntza7@ucsd.edu,Male,Suite 17
369,Arv,Guiso,aguisoa8@bravesites.com,Male,13th Floor
370,Margalit,Starmont,mstarmonta9@intel.com,Female,4th Floor
371,Natividad,Strowan,nstrowanaa@domainmarket.com,Female,Apt 1962
372,Duncan,Gyurko,dgyurkoab@gravatar.com,Male,Suite 6
373,Ginnie,Teather,gteatherac@fotki.com,Female,Suite 11
374,Pepillo,Cumber,pcumberad@taobao.com,Genderfluid,PO Box 49223
375,Thacher,Ary,taryae@tamu.edu,Male,Apt 1403
376,Sandor,Tregaskis,stregaskisaf@geocities.com,Male,17th Floor
377,Boony,Dunsire,bdunsireag@nih.gov,Male,Apt 916
378,Lorain,Paye,lpayeah@cpanel.net,Female,14th Floor
379,Mike,Labba,mlabbaai@paginegialle.it,Male,Suite 98
380,Stanford,Gamon,sgamonaj@fda.gov,Male,6th Floor
381,Quintana,Hrachovec,qhrachovecak@utexas.edu,Female,Apt 1318
382,Basilio,Stratley,bstratleyal@prweb.com,Male,Suite 33
383,Dorella,Ready,dreadyam@mtv.com,Female,19th Floor
384,Millisent,Doram,mdoraman@macromedia.com,Female,PO Box 25205
385,Genni,Heinsius,gheinsiusao@cyberchimps.com,Female,Suite 12
386,Kalli,Tarpey,ktarpeyap@cam.ac.uk,Female,3rd Floor
387,Gunar,Hambrick,ghambrickaq@senate.gov,Male,3rd Floor
388,Tades,Badrock,tbadrockar@mapy.cz,Male,Suite 10
389,Laurence,Gumm,lgummas@slideshare.net,Male,Apt 1514
390,Lindy,Bracknall,lbracknallat@shop-pro.jp,Female,Room 490
391,Freddie,Oldroyde,foldroydeau@purevolume.com,Male,Suite 12
392,Alon,Laffin,alaffinav@wix.com,Male,Room 1774
393,Meg,Jzhakov,mjzhakovaw@godaddy.com,Female,Room 290
394,Wolfy,Kalinowsky,wkalinowskyax@time.com,Male,Room 1018
395,Rod,Strettle,rstrettleay@ask.com,Non-binary,13th Floor
396,Cornie,Babinski,cbabinskiaz@biglobe.ne.jp,Male,Suite 78
397,Arny,Eary,aearyb0@shinystat.com,Male,Apt 1514
398,Godwin,Peepall,gpeepallb1@amazon.com,Male,11th Floor
399,Harrietta,Buckett,hbuckettb2@livejournal.com,Non-binary,PO Box 36557
400,Thomasine,Gronno,tgronnob3@noaa.gov,Female,Suite 76
401,Melva,Inwood,minwoodb4@biblegateway.com,Female,Apt 1490
402,Jeanelle,Luckie,jluckieb5@mtv.com,Female,Room 1186
403,Corette,Fitchell,cfitchellb6@dailymotion.com,Female,20th Floor
404,Hildegarde,Fishe,hfisheb7@php.net,Female,Apt 203
405,Misti,Glanville,mglanvilleb8@people.com.cn,Female,Suite 88
406,Norby,Ahlin,nahlinb9@a8.net,Male,Suite 15
407,Devi,McAughtrie,dmcaughtrieba@census.gov,Female,Suite 52
408,Bunnie,Sleigh,bsleighbb@nsw.gov.au,Female,14th Floor
409,Jermaine,Jolin,jjolinbc@imgur.com,Male,Room 1290
410,Beret,Van Saltsberg,bvansaltsbergbd@typepad.com,Female,Suite 18
411,Shaylynn,Muncer,smuncerbe@usnews.com,Female,PO Box 81912
412,Antonino,Brok,abrokbf@joomla.org,Male,10th Floor
413,Alexis,Jacqueminet,ajacqueminetbg@nasa.gov,Male,Apt 1520
414,Ted,Wallbanks,twallbanksbh@techcrunch.com,Male,Suite 40
415,Zachary,Folds,zfoldsbi@reuters.com,Male,PO Box 99244
416,Rosalinda,Tidbold,rtidboldbj@smugmug.com,Female,Suite 31
417,Nerita,Daborn,ndabornbk@economist.com,Female,Apt 217
418,Sam,Pracy,spracybl@tripadvisor.com,Female,Apt 1733
419,Mareah,Gascoigne,mgascoignebm@taobao.com,Female,Apt 1752
420,Antonia,Jeannel,ajeannelbn@omniture.com,Female,Suite 71
421,Krystle,Killeley,kkilleleybo@miitbeian.gov.cn,Female,Room 1597
422,Nonah,Pietrasik,npietrasikbp@spotify.com,Female,Room 1546
423,Dolorita,Elsworth,delsworthbq@about.me,Female,Suite 16
424,Christabella,Gates,cgatesbr@usa.gov,Female,Suite 1
425,Artur,Chill,achillbs@answers.com,Male,PO Box 22549
426,Alonzo,Jayme,ajaymebt@narod.ru,Male,Room 1436
427,Luella,Triggs,ltriggsbu@nps.gov,Female,PO Box 45087
428,Christopher,Morrison,cmorrisonbv@army.mil,Male,Apt 127
429,Hillary,Marle,hmarlebw@walmart.com,Female,Apt 676
430,Diana,Crafter,dcrafterbx@t-online.de,Non-binary,2nd Floor
431,Clarisse,Rahl,crahlby@icq.com,Female,PO Box 61949
432,Phaedra,Spilsbury,pspilsburybz@naver.com,Female,Apt 1791
433,Nessie,Danelutti,ndaneluttic0@wired.com,Bigender,PO Box 76481
434,Vlad,MacGahey,vmacgaheyc1@tiny.cc,Male,Suite 88
435,Lind,Radenhurst,lradenhurstc2@ebay.com,Male,Apt 38
436,Merola,Lightowlers,mlightowlersc3@reuters.com,Female,Room 1281
437,Lucius,Tallis,ltallisc4@constantcontact.com,Male,1st Floor
438,Tripp,Rawcliffe,trawcliffec5@purevolume.com,Male,PO Box 33372
439,Adlai,Duchesne,aduchesnec6@ucoz.ru,Male,PO Box 96958
440,Coralyn,Gregoli,cgregolic7@cnn.com,Female,Suite 76
441,Abbie,Phair,aphairc8@lycos.com,Male,Apt 1928
442,Brok,Gair,bgairc9@woothemes.com,Male,Suite 44
443,Mort,Alwin,malwinca@senate.gov,Bigender,Apt 1541
444,Cathleen,Cutler,ccutlercb@theatlantic.com,Female,PO Box 73259
445,Roberto,Jardin,rjardincc@irs.gov,Non-binary,4th Floor
446,Daniel,Harpin,dharpincd@marketwatch.com,Male,Suite 52
447,Archaimbaud,Kohrt,akohrtce@arstechnica.com,Male,Suite 90
448,Oralee,Landell,olandellcf@istockphoto.com,Female,Apt 1321
449,Mendel,Rainbird,mrainbirdcg@pbs.org,Male,PO Box 12701
450,Stephanie,Ranvoise,sranvoisech@shareasale.com,Female,17th Floor
451,Almira,Laver,alaverci@time.com,Female,1st Floor
452,Lurette,Shillom,lshillomcj@trellian.com,Female,Room 1381
453,Ivan,Applin,iapplinck@hud.gov,Male,PO Box 41197
454,Fallon,Goodere,fgooderecl@printfriendly.com,Female,PO Box 96888
455,Christabel,Trevillion,ctrevillioncm@who.int,Female,Room 652
456,Sayer,Coley,scoleycn@wikipedia.org,Male,Apt 349
457,Lyndell,Karlolak,lkarlolakco@discuz.net,Genderqueer,PO Box 47620
458,Fernando,Biner,fbinercp@upenn.edu,Male,Suite 17
459,Jarret,Girardet,jgirardetcq@businessweek.com,Male,Suite 6
460,Laurens,Notti,lnotticr@chicagotribune.com,Male,PO Box 56670
461,Stephanus,Bolton,sboltoncs@ask.com,Male,PO Box 83691
462,Johann,Du Pre,jduprect@harvard.edu,Male,Suite 32
463,Ali,Marrows,amarrowscu@wiley.com,Female,Suite 13
464,Lindy,Flohard,lflohardcv@dmoz.org,Female,Apt 1832
465,Malia,Cumbes,mcumbescw@baidu.com,Female,Room 1976
466,Mayer,Dymock,mdymockcx@boston.com,Male,PO Box 80808
467,Birgit,Lindroos,blindrooscy@php.net,Female,Apt 1442
468,Cherilynn,Neely,cneelycz@youku.com,Female,5th Floor
469,Gretna,Rathmell,grathmelld0@skype.com,Female,PO Box 68430
470,Jilleen,Debney,jdebneyd1@yellowbook.com,Female,Apt 1910
471,Powell,Lawtie,plawtied2@dion.ne.jp,Male,Room 565
472,Jewell,Frill,jfrilld3@qq.com,Female,Apt 1465
473,Alice,Hugnot,ahugnotd4@stumbleupon.com,Female,Room 1637
474,Mark,Leat,mleatd5@irs.gov,Male,5th Floor
475,Tory,Byers,tbyersd6@i2i.jp,Female,Suite 5
476,Paulie,Shorthouse,pshorthoused7@1688.com,Genderfluid,Suite 51
477,Haskel,Chatters,hchattersd8@ovh.net,Male,Suite 46
478,Damaris,Dalby,ddalbyd9@noaa.gov,Female,Suite 46
479,Charis,Warwicker,cwarwickerda@cargocollective.com,Genderfluid,17th Floor
480,Randa,Kernermann,rkernermanndb@t.co,Female,Apt 525
481,Edwina,Dibsdale,edibsdaledc@flavors.me,Female,PO Box 38266
482,Shani,Jachimiak,sjachimiakdd@google.nl,Female,7th Floor
483,Caz,Edelmann,cedelmannde@clickbank.net,Male,Suite 24
484,Kaye,Pearton,kpeartondf@aboutads.info,Female,Suite 53
485,Carlotta,Banes,cbanesdg@arizona.edu,Female,Apt 1414
486,Hymie,Gillon,hgillondh@salon.com,Male,Apt 114
487,Rusty,Curdell,rcurdelldi@arstechnica.com,Genderfluid,Apt 1822
488,Deb,Luckey,dluckeydj@digg.com,Non-binary,Room 660
489,Ora,Richt,orichtdk@weibo.com,Female,Room 63
490,Martica,Blazej,mblazejdl@yolasite.com,Female,Room 1631
491,Ailey,Case,acasedm@bluehost.com,Non-binary,PO Box 86544
492,Reginald,Rycroft,rrycroftdn@unicef.org,Male,Suite 52
493,Shena,Brignall,sbrignalldo@unblog.fr,Female,Room 1305
494,Cacilia,Duny,cdunydp@rambler.ru,Female,Suite 25
495,Milly,Maase,mmaasedq@typepad.com,Female,PO Box 87925
496,Sherlocke,Chinge,schingedr@google.fr,Male,PO Box 57659
497,Ted,Sambell,tsambellds@phpbb.com,Male,Room 918
498,Niel,Tuley,ntuleydt@dot.gov,Male,15th Floor
499,Terrill,Barcroft,tbarcroftdu@yelp.com,Male,Apt 730
500,Elroy,Poole,epooledv@prweb.com,Male,6th Floor
501,Joshia,Curee,jcureedw@cdbaby.com,Male,Room 832
502,Sauveur,Saulter,ssaulterdx@time.com,Male,Suite 16
503,Amalia,Shingles,ashinglesdy@qq.com,Female,7th Floor
504,Adolpho,Bernath,abernathdz@cdc.gov,Male,PO Box 15878
505,Anthe,Yetman,ayetmane0@google.ru,Female,Suite 73
506,Thatch,Rockingham,trockinghame1@ebay.com,Male,Apt 1632
507,Kirbie,Heyburn,kheyburne2@yandex.ru,Female,PO Box 29404
508,Ilyssa,Trewhela,itrewhelae3@nasa.gov,Female,Suite 40
509,Costa,Mathen,cmathene4@java.com,Male,15th Floor
510,Avery,Barrand,abarrande5@plala.or.jp,Male,Suite 46
511,Wendel,Spadaro,wspadaroe6@typepad.com,Male,Suite 88
512,Piotr,Rolfs,prolfse7@cnbc.com,Polygender,Room 1995
513,Wynnie,Matthiae,wmatthiaee8@edublogs.org,Female,Room 314
514,Bendick,Malyon,bmalyone9@chronoengine.com,Male,PO Box 48933
515,Demeter,Cudde,dcuddeea@msn.com,Female,PO Box 9885
516,Sauveur,Willden,swilldeneb@cnn.com,Male,9th Floor
517,Nobe,MacRierie,nmacrierieec@ovh.net,Male,11th Floor
518,Penny,Adrienne,padrienneed@multiply.com,Female,Apt 983
519,Morgana,Antonellini,mantonelliniee@biglobe.ne.jp,Female,2nd Floor
520,Bride,Da Costa,bdacostaef@zdnet.com,Female,PO Box 32529
521,Gerard,Climo,gclimoeg@usgs.gov,Male,Suite 53
522,Ravi,Trayhorn,rtrayhorneh@census.gov,Male,Suite 36
523,Genny,Machon,gmachonei@deliciousdays.com,Female,18th Floor
524,Charissa,Bugby,cbugbyej@homestead.com,Female,Room 1300
525,Grayce,Madelin,gmadelinek@live.com,Female,Room 1649
526,Juana,Coburn,jcoburnel@miibeian.gov.cn,Female,8th Floor
527,Nikki,Crosse,ncrosseem@usnews.com,Male,Apt 643
528,Jeanette,Bengtson,jbengtsonen@businessweek.com,Female,Room 1531
529,Windham,Hazeley,whazeleyeo@rediff.com,Male,PO Box 36564
530,Tyson,Batten,tbattenep@people.com.cn,Genderfluid,Suite 70
531,Reeba,Hebson,rhebsoneq@ameblo.jp,Female,PO Box 53256
532,Rodolfo,Lasslett,rlassletter@exblog.jp,Male,Room 894
533,Frasier,Phythien,fphythienes@google.ca,Polygender,Suite 18
534,Bethina,Roder,broderet@washington.edu,Female,20th Floor
535,Udell,Cressingham,ucressinghameu@netvibes.com,Male,5th Floor
536,Tomaso,Mahady,tmahadyev@merriam-webster.com,Male,PO Box 39671
537,Hieronymus,Cassel,hcasselew@trellian.com,Male,Apt 414
538,Alan,McCulloch,amccullochex@edublogs.org,Male,9th Floor
539,Milissent,Matteini,mmatteiniey@people.com.cn,Female,Suite 40
540,Haleigh,Grzegorek,hgrzegorekez@addtoany.com,Polygender,PO Box 70533
541,Dunn,Letchford,dletchfordf0@samsung.com,Genderfluid,18th Floor
542,Stormy,Pollendine,spollendinef1@webmd.com,Female,14th Floor
543,Gaven,Callander,gcallanderf2@cnet.com,Male,Suite 39
544,Glenden,Eddleston,geddlestonf3@hibu.com,Male,Apt 251
545,Yoko,Keaveney,ykeaveneyf4@facebook.com,Female,Apt 639
546,Rey,Lamberteschi,rlamberteschif5@tripod.com,Female,13th Floor
547,Fanchon,Quenby,fquenbyf6@census.gov,Female,PO Box 36912
548,Dulcie,Donaghy,ddonaghyf7@goo.gl,Genderfluid,Room 263
549,Frances,Caso,fcasof8@meetup.com,Female,Room 634
550,Davida,Friel,dfrielf9@harvard.edu,Female,Apt 410
551,Napoleon,Lintot,nlintotfa@hubpages.com,Male,Suite 57
552,Wes,Raimbauld,wraimbauldfb@virginia.edu,Agender,Room 373
553,Worden,Shoorbrooke,wshoorbrookefc@jimdo.com,Male,17th Floor
554,Virge,Lasslett,vlasslettfd@tripadvisor.com,Male,Apt 150
555,Aili,Gheeraert,agheeraertfe@ovh.net,Female,14th Floor
556,Jacquelynn,Rickardes,jrickardesff@posterous.com,Female,PO Box 13240
557,Babs,Raisher,braisherfg@ameblo.jp,Female,Room 51
558,Talbert,Brockest,tbrockestfh@gizmodo.com,Male,Suite 92
559,Hamilton,Prate,hpratefi@irs.gov,Male,Room 447
560,Hobey,Hovard,hhovardfj@homestead.com,Male,PO Box 81808
561,Mavra,Goldney,mgoldneyfk@ucoz.com,Female,6th Floor
562,Barret,Reece,breecefl@ucoz.ru,Male,Apt 1810
563,Rois,Gorling,rgorlingfm@sfgate.com,Female,Apt 352
564,Filberto,Sleightholm,fsleightholmfn@google.cn,Male,19th Floor
565,Hedi,Buffey,hbuffeyfo@amazon.co.uk,Female,19th Floor
566,Jeanie,O'Logan,jologanfp@newsvine.com,Female,Room 1123
567,Clarie,Burchall,cburchallfq@booking.com,Female,Apt 64
568,Mattheus,Irlam,mirlamfr@sfgate.com,Male,Room 423
569,Cherilynn,Crim,ccrimfs@sciencedirect.com,Female,Suite 83
570,Eada,Kitson,ekitsonft@hostgator.com,Female,PO Box 86960
571,Morena,McDonald,mmcdonaldfu@sphinn.com,Female,Suite 11
572,Colin,Lishman,clishmanfv@hugedomains.com,Male,Room 913
573,Claudius,Daugherty,cdaughertyfw@arizona.edu,Male,Suite 71
574,Niki,Koppeck,nkoppeckfx@bbc.co.uk,Female,Suite 96
575,Correy,Isworth,cisworthfy@shutterfly.com,Male,Suite 48
576,Clemente,Rottcher,crottcherfz@dion.ne.jp,Male,Room 1587
577,Kelila,Romanelli,kromanellig0@who.int,Female,Suite 73
578,Felipa,Cawthery,fcawtheryg1@pinterest.com,Female,PO Box 88184
579,Jermayne,Meechan,jmeechang2@google.pl,Male,Apt 77
580,Trina,Shellshear,tshellshearg3@51.la,Female,Apt 1129
581,Ad,Reeson,areesong4@typepad.com,Male,PO Box 93536
582,Noe,Cappleman,ncapplemang5@house.gov,Male,Suite 3
583,Cyndie,Mercer,cmercerg6@epa.gov,Genderqueer,5th Floor
584,Gusty,Cunliffe,gcunliffeg7@latimes.com,Female,16th Floor
585,Rafaelia,Tallet,rtalletg8@tamu.edu,Female,19th Floor
586,Phylis,Abelson,pabelsong9@livejournal.com,Female,Apt 131
587,Vaughn,Bendel,vbendelga@devhub.com,Male,Suite 28
588,Buffy,Flanagan,bflanagangb@adobe.com,Female,Suite 28
589,Heath,Mazzeo,hmazzeogc@youtu.be,Male,PO Box 18885
590,Truman,Vinnick,tvinnickgd@webeden.co.uk,Male,PO Box 60600
591,Ilaire,Dunkerley,idunkerleyge@homestead.com,Male,Suite 70
592,Sue,Grevile,sgrevilegf@hostgator.com,Female,Apt 77
593,Baldwin,Bilbey,bbilbeygg@xing.com,Male,Room 1162
594,Wilhelmina,Ricca,wriccagh@hibu.com,Female,12th Floor
595,Davide,Wingham,dwinghamgi@bloglovin.com,Male,Suite 11
596,Berenice,Sowden,bsowdengj@globo.com,Female,Apt 65
597,Corilla,Dollen,cdollengk@vkontakte.ru,Female,6th Floor
598,Odell,Khilkov,okhilkovgl@unesco.org,Male,Suite 61
599,Korney,Stockdale,kstockdalegm@networkadvertising.org,Female,2nd Floor
600,Scarlet,Gianiello,sgianiellogn@naver.com,Female,16th Floor
601,Davy,Haughan,dhaughango@cmu.edu,Male,1st Floor
602,Oswald,Maudlen,omaudlengp@cyberchimps.com,Non-binary,Room 251
603,Michaela,Kilgrove,mkilgrovegq@gov.uk,Female,PO Box 28254
604,Garrek,Darleston,gdarlestongr@topsy.com,Genderfluid,PO Box 35447
605,Lynn,Luckham,lluckhamgs@4shared.com,Female,Room 1433
606,Gordy,Sansbury,gsansburygt@amazon.com,Male,10th Floor
607,Doralin,Oiller,doillergu@bloomberg.com,Female,PO Box 86525
608,Marcie,Haug,mhauggv@redcross.org,Female,18th Floor
609,Amalie,Robe,arobegw@sogou.com,Female,12th Floor
610,Jeanine,Keppy,jkeppygx@nature.com,Bigender,Suite 10
611,Dorella,Eslemont,deslemontgy@ucoz.ru,Female,Suite 81
612,Hodge,Reddick,hreddickgz@goo.ne.jp,Male,PO Box 38409
613,Valaree,Guerreiro,vguerreiroh0@bloomberg.com,Female,Suite 99
614,Derk,Sacher,dsacherh1@moonfruit.com,Male,Suite 78
615,Luca,MacKonochie,lmackonochieh2@networksolutions.com,Male,Suite 74
616,Xever,Siggens,xsiggensh3@bluehost.com,Male,Apt 284
617,Kalila,Merrien,kmerrienh4@i2i.jp,Female,PO Box 85167
618,Tatiana,Pearsall,tpearsallh5@msu.edu,Female,14th Floor
619,Jone,Meedendorpe,jmeedendorpeh6@spotify.com,Male,Room 301
620,Theobald,Maryan,tmaryanh7@about.me,Male,20th Floor
621,Javier,Ticksall,jticksallh8@mysql.com,Male,PO Box 79784
622,Eddy,Tesmond,etesmondh9@1und1.de,Female,Room 105
623,Garwin,Relph,grelphha@weebly.com,Male,Suite 14
624,Zonnya,Cortese,zcortesehb@infoseek.co.jp,Female,Suite 17
625,Nollie,Prott,nprotthc@netlog.com,Male,Suite 34
626,Dori,Boller,dbollerhd@flickr.com,Female,14th Floor
627,Cedric,Brownsword,cbrownswordhe@shop-pro.jp,Agender,5th Floor
628,Jack,Williamson,jwilliamsonhf@va.gov,Male,Room 103
629,Isidore,Bevens,ibevenshg@e-recht24.de,Male,Apt 250
630,Guthry,Schankelborg,gschankelborghh@cbsnews.com,Male,Room 1920
631,Caressa,Hessle,chesslehi@pbs.org,Polygender,Apt 1672
632,Harland,Swann,hswannhj@studiopress.com,Male,PO Box 88813
633,Ricard,Leupold,rleupoldhk@ustream.tv,Male,Room 1440
634,Erina,Slaymaker,eslaymakerhl@t.co,Female,Apt 1076
635,Saunder,Behning,sbehninghm@jalbum.net,Male,Apt 54
636,Boonie,Coy,bcoyhn@go.com,Male,PO Box 75760
637,Cally,Buscombe,cbuscombeho@disqus.com,Female,PO Box 35527
638,Chane,Hazel,chazelhp@auda.org.au,Male,Apt 636
639,Hollis,Swyne,hswynehq@nytimes.com,Male,Apt 1091
640,Myrna,Thewless,mthewlesshr@xing.com,Female,16th Floor
641,Tootsie,Pauling,tpaulinghs@wordpress.com,Female,PO Box 47563
642,Dania,Verlander,dverlanderht@cbsnews.com,Female,14th Floor
643,Maxie,Faraday,mfaradayhu@eepurl.com,Male,5th Floor
644,Drusi,Sherston,dsherstonhv@angelfire.com,Female,19th Floor
645,Lorine,Pickervance,lpickervancehw@harvard.edu,Female,Room 60
646,Eartha,Kobierra,ekobierrahx@naver.com,Genderqueer,Room 932
647,Ashleigh,Markie,amarkiehy@123-reg.co.uk,Female,Room 283
648,Rossy,Ellershaw,rellershawhz@washingtonpost.com,Male,Apt 733
649,Frederigo,Phlippi,fphlippii0@ycombinator.com,Male,Suite 6
650,Blanch,Esbrook,besbrooki1@gnu.org,Female,Apt 1311
651,Isidoro,Ranfield,iranfieldi2@chicagotribune.com,Male,19th Floor
652,Camala,Leddy,cleddyi3@cafepress.com,Genderfluid,Room 975
653,Almire,Mc Giffin,amcgiffini4@sohu.com,Female,Room 945
654,Joseito,Batch,jbatchi5@jimdo.com,Male,PO Box 12811
655,Sharai,Mayston,smaystoni6@gnu.org,Female,8th Floor
656,Corena,Drummond,cdrummondi7@seesaa.net,Non-binary,Apt 783
657,Dorey,Kerwick,dkerwicki8@zimbio.com,Male,PO Box 17722
658,Teodoor,Sandom,tsandomi9@blog.com,Male,Suite 97
659,Matti,Mattschas,mmattschasia@quantcast.com,Female,Suite 51
660,Deeann,Mazzilli,dmazzilliib@state.gov,Female,3rd Floor
661,Candy,Oldale,coldaleic@parallels.com,Female,Suite 39
662,Ilyssa,Mora,imoraid@cdc.gov,Female,Room 667
663,Laurel,Cowdray,lcowdrayie@gov.uk,Female,Apt 1712
664,George,Kalinowsky,gkalinowskyif@businessweek.com,Male,Apt 1205
665,Estrellita,Pikhno,epikhnoig@psu.edu,Female,7th Floor
666,Kippar,Anelay,kanelayih@wired.com,Male,Apt 762
667,Cory,D'Aguanno,cdaguannoii@theatlantic.com,Female,18th Floor
668,Frankie,Cripin,fcripinij@1688.com,Female,Apt 468
669,Ahmed,Pedrol,apedrolik@google.nl,Male,Suite 34
670,Bethanne,Giffkins,bgiffkinsil@ft.com,Female,PO Box 84244
671,Magdalene,Balderstone,mbalderstoneim@nydailynews.com,Female,Room 1233
672,Arv,Buckingham,abuckinghamin@nifty.com,Male,PO Box 98500
673,Goran,Danshin,gdanshinio@stanford.edu,Male,7th Floor
674,Gabriello,Mallord,gmallordip@spotify.com,Male,PO Box 18283
675,Olly,Folk,ofolkiq@hubpages.com,Male,Room 272
676,Albert,McDermott-Row,amcdermottrowir@xinhuanet.com,Male,Suite 36
677,Dianemarie,Buske,dbuskeis@live.com,Female,Suite 78
678,Reeva,Coldbathe,rcoldbatheit@mtv.com,Polygender,1st Floor
679,Melinde,Monini,mmoniniiu@opensource.org,Female,6th Floor
680,Lizette,Kissick,lkissickiv@usnews.com,Non-binary,17th Floor
681,Darcee,Spadaro,dspadaroiw@freewebs.com,Female,Room 785
682,Jocelyn,Petzolt,jpetzoltix@umich.edu,Female,Room 1251
683,Hayward,Mattielli,hmattielliiy@parallels.com,Male,PO Box 8078
684,Morena,Hune,mhuneiz@google.fr,Female,Suite 35
685,Ulrich,Perin,uperinj0@upenn.edu,Male,Suite 14
686,Marnia,Carpe,mcarpej1@aol.com,Female,Suite 16
687,Rosette,Tipler,rtiplerj2@wikispaces.com,Female,Room 1333
688,Freda,Mochar,fmocharj3@prnewswire.com,Female,7th Floor
689,Jaime,Greetham,jgreethamj4@engadget.com,Female,Suite 75
690,Marietta,Phettis,mphettisj5@artisteer.com,Male,Room 1223
691,Finley,Legging,fleggingj6@ezinearticles.com,Male,PO Box 58563
692,Adam,Mahmood,amahmoodj7@issuu.com,Genderqueer,Suite 14
693,Rossy,Friedenbach,rfriedenbachj8@nasa.gov,Bigender,PO Box 69554
694,Morgan,Redsull,mredsullj9@amazon.de,Female,PO Box 67077
695,Lauren,Fleckno,lflecknoja@businesswire.com,Female,PO Box 79818
696,Willis,Chatteris,wchatterisjb@pbs.org,Male,Suite 62
697,Michaella,Boate,mboatejc@va.gov,Female,PO Box 23080
698,Eben,Ahmad,eahmadjd@is.gd,Male,PO Box 53137
699,Saunders,Myers,smyersje@cbc.ca,Male,Apt 1442
700,Mabel,Mileham,mmilehamjf@usa.gov,Female,Apt 802
701,Ginnie,Touzey,gtouzeyjg@washingtonpost.com,Female,Room 8
702,Christi,Swyre,cswyrejh@qq.com,Female,PO Box 18848
703,Berty,Aucourte,baucourteji@google.com.hk,Male,PO Box 54052
704,Rickard,Marley,rmarleyjj@gravatar.com,Male,Room 857
705,Jack,Woodwind,jwoodwindjk@is.gd,Male,PO Box 37275
706,Ernesto,Eldrett,eeldrettjl@springer.com,Male,Room 316
707,Knox,Lavarack,klavarackjm@weather.com,Male,8th Floor
708,Abrahan,Thraves,athravesjn@alibaba.com,Agender,19th Floor
709,Cyrus,Croley,ccroleyjo@fastcompany.com,Male,PO Box 1511
710,Marisa,Viggers,mviggersjp@photobucket.com,Female,Suite 52
711,Dalia,Eagers,deagersjq@fotki.com,Female,6th Floor
712,Gan,Allmen,gallmenjr@flavors.me,Male,Apt 808
713,Larry,Abramamovh,labramamovhjs@odnoklassniki.ru,Male,Suite 4
714,Arri,Yellep,ayellepjt@newyorker.com,Male,13th Floor
715,Vin,Carsberg,vcarsbergju@123-reg.co.uk,Male,7th Floor
716,Orelie,Chitter,ochitterjv@tumblr.com,Female,PO Box 90250
717,Lucias,Markus,lmarkusjw@devhub.com,Male,Room 1007
718,Madalyn,Varty,mvartyjx@hibu.com,Bigender,Apt 1125
719,Vevay,Jablonski,vjablonskijy@mac.com,Female,2nd Floor
720,Lenci,Bodker,lbodkerjz@github.io,Male,5th Floor
721,Fidelio,Kenefick,fkenefickk0@elegantthemes.com,Male,Apt 1472
722,Clyve,Desouza,cdesouzak1@theguardian.com,Male,5th Floor
723,Gabe,Le Noir,glenoirk2@prnewswire.com,Male,Room 1664
724,Lea,Pelman,lpelmank3@imageshack.us,Female,4th Floor
725,Dorian,Dallender,ddallenderk4@last.fm,Non-binary,PO Box 51644
726,Jaimie,Goodrum,jgoodrumk5@taobao.com,Female,9th Floor
727,Bella,Ioannou,bioannouk6@clickbank.net,Genderqueer,PO Box 68555
728,Claybourne,Kondrachenko,ckondrachenkok7@deliciousdays.com,Male,PO Box 78125
729,Krista,McCarlich,kmccarlichk8@csmonitor.com,Bigender,15th Floor
730,Pammie,Walcher,pwalcherk9@tuttocitta.it,Female,9th Floor
731,Denise,Ceresa,dceresaka@seattletimes.com,Female,PO Box 46024
732,Dre,Lloyd-Williams,dlloydwilliamskb@ebay.com,Female,7th Floor
733,Dara,Radband,dradbandkc@blogtalkradio.com,Female,Suite 5
734,Nan,Wildt,nwildtkd@netscape.com,Genderqueer,PO Box 22243
735,Nero,Medford,nmedfordke@dedecms.com,Male,Suite 47
736,Sibylle,Cyson,scysonkf@e-recht24.de,Female,PO Box 59180
737,Andrea,Moakes,amoakeskg@globo.com,Female,Room 272
738,Aristotle,Seint,aseintkh@cafepress.com,Bigender,18th Floor
739,Jareb,Barrs,jbarrski@fastcompany.com,Male,Apt 1219
740,Cirilo,Colegate,ccolegatekj@disqus.com,Male,PO Box 40139
741,Dave,Turbard,dturbardkk@reddit.com,Male,2nd Floor
742,Lewie,Chadburn,lchadburnkl@mediafire.com,Male,Room 503
743,Thedrick,Mabbett,tmabbettkm@rakuten.co.jp,Male,Room 1167
744,Timotheus,Oglesbee,toglesbeekn@auda.org.au,Male,Suite 25
745,Emylee,Gumly,egumlyko@mashable.com,Non-binary,Suite 63
746,Harvey,Rideout,hrideoutkp@cam.ac.uk,Genderqueer,Apt 465
747,Pinchas,Sharram,psharramkq@latimes.com,Male,Suite 29
748,Scarlet,Biernacki,sbiernackikr@1und1.de,Female,PO Box 86852
749,Eadmund,Ondrich,eondrichks@stanford.edu,Male,Room 252
750,Rollin,Digweed,rdigweedkt@addthis.com,Male,5th Floor
751,Bradford,Gutcher,bgutcherku@illinois.edu,Male,Apt 1474
752,Chan,Seally,cseallykv@omniture.com,Male,Room 443
753,Roley,Shatliff,rshatliffkw@illinois.edu,Male,Apt 35
754,Nathan,Kermath,nkermathkx@sphinn.com,Male,Room 792
755,Hayward,Batistelli,hbatistelliky@tumblr.com,Male,20th Floor
756,Dyan,Fathers,dfatherskz@about.com,Female,Apt 977
757,Koressa,Cham,kchaml0@timesonline.co.uk,Female,20th Floor
758,Nicoline,Lackinton,nlackintonl1@free.fr,Female,8th Floor
759,Minetta,Turfus,mturfusl2@theatlantic.com,Female,Suite 62
760,Jillie,Dunphy,jdunphyl3@comsenz.com,Female,Apt 1789
761,Candie,Howson,chowsonl4@princeton.edu,Polygender,PO Box 11592
762,Gayler,Doldon,gdoldonl5@tinyurl.com,Male,Suite 40
763,Duff,Proschke,dproschkel6@yale.edu,Male,Room 1978
764,Micheal,Gilluley,mgilluleyl7@ft.com,Male,PO Box 97125
765,Freedman,Harrismith,fharrismithl8@drupal.org,Male,PO Box 82586
766,Tiebold,Cranston,tcranstonl9@whitehouse.gov,Male,PO Box 99123
767,Scott,Fritchley,sfritchleyla@vistaprint.com,Male,10th Floor
768,Reyna,Spendley,rspendleylb@wikispaces.com,Female,6th Floor
769,Dorian,Schistl,dschistllc@gravatar.com,Male,Apt 228
770,Cindi,Crace,ccraceld@washingtonpost.com,Female,Room 1289
771,Gilberto,Armistead,garmisteadle@joomla.org,Male,3rd Floor
772,Annabella,Welham,awelhamlf@globo.com,Female,Room 958
773,Odette,Roulston,oroulstonlg@fastcompany.com,Female,Room 1142
774,Jeremias,Reddoch,jreddochlh@weibo.com,Male,Apt 116
775,Alexei,Riddles,ariddlesli@wired.com,Male,PO Box 19709
776,Deny,Threadgall,dthreadgalllj@blogtalkradio.com,Female,PO Box 31323
777,Lamond,Umpleby,lumplebylk@hugedomains.com,Bigender,PO Box 46254
778,Bertie,Trickey,btrickeyll@ameblo.jp,Female,Suite 4
779,Chevy,Geistbeck,cgeistbecklm@prnewswire.com,Male,19th Floor
780,Sidney,Boutellier,sboutellierln@usda.gov,Agender,PO Box 98549
781,Tailor,Farron,tfarronlo@sina.com.cn,Male,Suite 18
782,Ashly,Gepson,agepsonlp@nifty.com,Female,10th Floor
783,Jeana,Merrill,jmerrilllq@list-manage.com,Female,Suite 99
784,Sascha,Kettley,skettleylr@toplist.cz,Bigender,Room 1662
785,Jerome,Parbrook,jparbrookls@guardian.co.uk,Genderfluid,Room 1555
786,Harli,Fidilis,hfidilislt@columbia.edu,Female,Suite 29
787,Alfy,Morrieson,amorriesonlu@fda.gov,Male,3rd Floor
788,Shaun,Pablo,spablolv@dedecms.com,Male,PO Box 2180
789,Gregor,Shelp,gshelplw@ox.ac.uk,Male,PO Box 19359
790,Robb,O'Flaverty,roflavertylx@washingtonpost.com,Non-binary,Room 707
791,Malena,Jurewicz,mjurewiczly@toplist.cz,Female,PO Box 34980
792,Gene,MacLeese,gmacleeselz@sciencedirect.com,Male,Room 1215
793,Janela,Trood,jtroodm0@kickstarter.com,Bigender,Suite 30
794,Morgan,Borge,mborgem1@tamu.edu,Agender,Room 790
795,Berton,Wurz,bwurzm2@naver.com,Male,20th Floor
796,Darrel,Benns,dbennsm3@dot.gov,Male,Suite 4
797,Karena,Bestall,kbestallm4@elegantthemes.com,Female,PO Box 64887
798,Martynne,Casillas,mcasillasm5@miitbeian.gov.cn,Female,Suite 54
799,Rhona,Lamminam,rlamminamm6@bigcartel.com,Female,Suite 31
800,Ferris,Ezzle,fezzlem7@ucoz.ru,Male,PO Box 71733
801,Barry,Ashenhurst,bashenhurstm8@un.org,Non-binary,PO Box 72947
802,Ajay,Denham,adenhamm9@feedburner.com,Female,Suite 22
803,Jonathon,Pirazzi,jpirazzima@webs.com,Male,8th Floor
804,Greta,Danielis,gdanielismb@hugedomains.com,Female,Suite 60
805,Gusti,Nobriga,gnobrigamc@google.com,Female,PO Box 47058
806,Wally,Wardell,wwardellmd@csmonitor.com,Bigender,Suite 30
807,Lynsey,Kondrat,lkondratme@fastcompany.com,Female,Room 958
808,Nicholas,Sawrey,nsawreymf@de.vu,Male,Room 134
809,Aubrie,Muggleston,amugglestonmg@mlb.com,Female,PO Box 40151
810,Lester,Mannie,lmanniemh@moonfruit.com,Male,5th Floor
811,Jobina,Pieterick,jpieterickmi@howstuffworks.com,Female,Room 1187
812,Royce,Stringer,rstringermj@symantec.com,Male,PO Box 23654
813,Matti,Treppas,mtreppasmk@nymag.com,Female,PO Box 52916
814,Bren,Powis,bpowisml@foxnews.com,Male,19th Floor
815,Mersey,Earsman,mearsmanmm@meetup.com,Female,Room 1700
816,Sterling,Halgarth,shalgarthmn@youku.com,Male,Suite 60
817,Sheilah,MacIlhagga,smacilhaggamo@java.com,Female,PO Box 81201
818,Stinky,Dodridge,sdodridgemp@infoseek.co.jp,Male,PO Box 80171
819,Caritta,Ambrogetti,cambrogettimq@furl.net,Genderfluid,PO Box 94590
820,Stanislas,Auger,saugermr@house.gov,Male,Suite 38
821,Shaine,Muggach,smuggachms@4shared.com,Male,Suite 72
822,Petronille,Greg,pgregmt@biglobe.ne.jp,Female,13th Floor
823,Adriena,Wildsmith,awildsmithmu@homestead.com,Female,PO Box 38545
824,Wynne,Stanluck,wstanluckmv@spotify.com,Genderqueer,Suite 2
825,Miguela,Bosnell,mbosnellmw@yahoo.com,Female,Apt 775
826,Nikolos,Geekie,ngeekiemx@samsung.com,Male,Apt 688
827,Vaughn,Emmot,vemmotmy@vimeo.com,Male,Apt 1503
828,Flossie,Daftor,fdaftormz@geocities.jp,Female,Apt 982
829,Byrle,Wotherspoon,bwotherspoonn0@senate.gov,Male,Suite 53
830,De witt,Dodshun,ddodshunn1@epa.gov,Bigender,Apt 764
831,Clarence,Lettley,clettleyn2@mashable.com,Male,Room 305
832,Violetta,Micallef,vmicallefn3@de.vu,Female,Apt 1608
833,Marcelle,Prop,mpropn4@woothemes.com,Female,18th Floor
834,Hercules,Khidr,hkhidrn5@npr.org,Male,Suite 59
835,Lucky,Lacey,llaceyn6@barnesandnoble.com,Female,Suite 70
836,Cyb,Echelle,cechellen7@diigo.com,Female,PO Box 54720
837,Felic,Shasnan,fshasnann8@ucsd.edu,Male,Room 1227
838,Brnaba,Tribell,btribelln9@craigslist.org,Male,Suite 97
839,Tracie,Puddephatt,tpuddephattna@google.com,Male,7th Floor
840,Seamus,Keyser,skeysernb@mediafire.com,Male,Apt 1455
841,Daile,Leele,dleelenc@howstuffworks.com,Female,Apt 1048
842,Marcelia,Sedgeman,msedgemannd@comcast.net,Female,Apt 1838
843,Desiree,Dingley,ddingleyne@soup.io,Female,Room 764
844,Steffie,Schruur,sschruurnf@icq.com,Female,Suite 93
845,Paddie,Claricoats,pclaricoatsng@multiply.com,Genderqueer,Room 1114
846,Mallissa,Cunradi,mcunradinh@cdc.gov,Female,18th Floor
847,Yolane,Edmonstone,yedmonstoneni@loc.gov,Female,PO Box 51876
848,Carlie,Helsdon,chelsdonnj@g.co,Male,PO Box 99744
849,Kipp,Matthews,kmatthewsnk@europa.eu,Female,Apt 868
850,Arni,Brimson,abrimsonnl@stanford.edu,Male,Room 1460
851,Christine,Jonuzi,cjonuzinm@hao123.com,Female,Apt 320
852,Victoir,Meriot,vmeriotnn@cmu.edu,Male,PO Box 34766
853,Sanderson,Diffley,sdiffleyno@wikispaces.com,Male,Suite 44
854,Elvyn,Hammand,ehammandnp@ted.com,Male,Apt 1643
855,Eleanore,Baggiani,ebaggianinq@google.pl,Female,Room 178
856,Gabby,Hiers,ghiersnr@state.gov,Male,PO Box 59440
857,Gabrielle,Dober,gdoberns@fda.gov,Female,Room 1240
858,Salvidor,Dudmarsh,sdudmarshnt@multiply.com,Male,PO Box 59805
859,Dud,Finder,dfindernu@usa.gov,Male,Apt 1401
860,Gerrie,Whitlaw,gwhitlawnv@chronoengine.com,Male,PO Box 22831
861,Merilee,Dunkley,mdunkleynw@youtube.com,Female,PO Box 97436
862,Abner,Babb,ababbnx@yellowbook.com,Genderqueer,Suite 92
863,Lorelei,Folkard,lfolkardny@ted.com,Female,Room 1435
864,Fowler,Comley,fcomleynz@diigo.com,Agender,Apt 427
865,Lotta,Hearthfield,lhearthfieldo0@archive.org,Female,Room 761
866,Rube,Spada,rspadao1@jalbum.net,Male,Room 47
867,Rayner,Byart,rbyarto2@ocn.ne.jp,Male,Apt 88
868,Britt,Toffolo,btoffoloo3@apache.org,Polygender,PO Box 60348
869,Sileas,Delagua,sdelaguao4@utexas.edu,Female,Suite 12
870,Dominga,Saph,dsapho5@ebay.com,Female,Suite 37
871,Cchaddie,Hawksby,chawksbyo6@g.co,Male,11th Floor
872,Julius,Fleckney,jfleckneyo7@bbc.co.uk,Male,PO Box 84662
873,Emlynne,Ivanchikov,eivanchikovo8@usatoday.com,Female,6th Floor
874,Kendre,I'anson,kiansono9@blogger.com,Female,Apt 235
875,Elmore,Lamming,elammingoa@booking.com,Genderqueer,Apt 1920
876,Ruy,Ikins,rikinsob@yelp.com,Male,PO Box 49600
877,Lance,Goalby,lgoalbyoc@sbwire.com,Male,Room 1829
878,Laney,Spurgin,lspurginod@360.cn,Male,PO Box 75457
879,Tara,Earry,tearryoe@icio.us,Female,11th Floor
880,Reinaldo,Rewan,rrewanof@flavors.me,Male,Apt 456
881,Humberto,Veart,hveartog@webmd.com,Male,11th Floor
882,Barry,Severns,bsevernsoh@accuweather.com,Male,Apt 1629
883,Mandel,Houten,mhoutenoi@usa.gov,Male,Room 670
884,Konstanze,Binks,kbinksoj@ihg.com,Female,Suite 55
885,Iggy,Dyche,idycheok@hp.com,Male,Suite 24
886,Amargo,Ferres,aferresol@forbes.com,Female,Room 934
887,Elle,Swainson,eswainsonom@networksolutions.com,Female,Suite 53
888,See,Turbern,sturbernon@wisc.edu,Male,Apt 1617
889,Tore,Fairbourne,tfairbourneoo@ted.com,Male,Suite 14
890,Sigismondo,Baser,sbaserop@cpanel.net,Male,Suite 10
891,Leoline,Capsey,lcapseyoq@seattletimes.com,Female,PO Box 85628
892,Derrick,Jennrich,djennrichor@github.io,Male,Room 1791
893,Emmery,Howison,ehowisonos@nih.gov,Male,Suite 86
894,Onfre,Vickors,ovickorsot@nasa.gov,Male,PO Box 4752
895,Birgitta,Cisson,bcissonou@multiply.com,Female,PO Box 34737
896,Almeda,Lowdes,alowdesov@desdev.cn,Female,Suite 74
897,Ragnar,Kesten,rkestenow@microsoft.com,Male,Apt 1907
898,Meyer,Danaher,mdanaherox@wisc.edu,Male,7th Floor
899,Gavrielle,Beau,gbeauoy@flickr.com,Female,2nd Floor
900,Rivkah,Cornick,rcornickoz@si.edu,Female,Room 1207
901,Honoria,Dran,hdranp0@wikispaces.com,Female,Suite 58
902,Rubina,Hathway,rhathwayp1@facebook.com,Female,Room 1680
903,Martina,Banaszkiewicz,mbanaszkiewiczp2@furl.net,Female,4th Floor
904,Randi,Josupeit,rjosupeitp3@unicef.org,Male,Apt 922
905,Sky,Garett,sgarettp4@technorati.com,Male,8th Floor
906,Bidget,Balch,bbalchp5@discuz.net,Female,Room 229
907,Claire,Dowber,cdowberp6@barnesandnoble.com,Female,PO Box 91592
908,Marya,Scoular,mscoularp7@qq.com,Female,Apt 251
909,Aili,Woolveridge,awoolveridgep8@mayoclinic.com,Female,PO Box 96365
910,Demetris,Mc Caghan,dmccaghanp9@blinklist.com,Male,PO Box 7285
911,Heindrick,Gauson,hgausonpa@wsj.com,Male,PO Box 19484
912,Nevile,Band,nbandpb@webnode.com,Male,Room 1344
913,Cathrine,Aizikovitz,caizikovitzpc@linkedin.com,Female,Apt 434
914,Curtis,Pipet,cpipetpd@forbes.com,Male,PO Box 56532
915,Myra,Kilmaster,mkilmasterpe@blogtalkradio.com,Female,Suite 94
916,Liam,Ferreira,lferreirapf@last.fm,Male,Apt 475
917,Elinor,Cherrison,echerrisonpg@w3.org,Female,PO Box 70816
918,Clerissa,Toplis,ctoplisph@ebay.co.uk,Female,Room 1425
919,Karen,Koubek,kkoubekpi@so-net.ne.jp,Female,13th Floor
920,Mora,Schuler,mschulerpj@admin.ch,Female,PO Box 85046
921,Keeley,Fedder,kfedderpk@earthlink.net,Female,Apt 353
922,Wait,Shippam,wshippampl@cloudflare.com,Male,PO Box 96966
923,Cody,Banville,cbanvillepm@com.com,Female,Suite 67
924,Meyer,MacCourt,mmaccourtpn@aol.com,Male,Suite 5
925,Ronnica,Slyvester,rslyvesterpo@craigslist.org,Female,Suite 24
926,Alma,Tolan,atolanpp@discovery.com,Bigender,PO Box 70388
927,Worthy,Glass,wglasspq@wufoo.com,Male,PO Box 46526
928,Griff,Simmons,gsimmonspr@princeton.edu,Male,Suite 69
929,Renata,Pittman,rpittmanps@cyberchimps.com,Female,Room 1107
930,Clywd,Patillo,cpatillopt@friendfeed.com,Male,Room 10
931,Myrna,Iacovo,miacovopu@deviantart.com,Female,9th Floor
932,Goldina,Verchambre,gverchambrepv@barnesandnoble.com,Female,PO Box 84869
933,Lenka,Norcott,lnorcottpw@gov.uk,Female,Apt 1190
934,Nikita,Quantrill,nquantrillpx@indiatimes.com,Male,PO Box 50784
935,Sansone,Malsher,smalsherpy@parallels.com,Male,9th Floor
936,Chelsie,Girod,cgirodpz@cnn.com,Female,Suite 50
937,Benson,Garratt,bgarrattq0@example.com,Male,Apt 835
938,Porty,Vuitton,pvuittonq1@sourceforge.net,Polygender,15th Floor
939,Ethelda,Pahl,epahlq2@chron.com,Polygender,PO Box 42551
940,Nikolia,Royans,nroyansq3@time.com,Female,Suite 48
941,Arvin,Manion,amanionq4@washingtonpost.com,Male,1st Floor
942,Pattie,Toffanini,ptoffaniniq5@imdb.com,Male,PO Box 60478
943,Norbie,McKeurtan,nmckeurtanq6@irs.gov,Male,Suite 40
944,Alfonse,Cinderey,acindereyq7@imdb.com,Male,Suite 93
945,Reba,Avon,ravonq8@answers.com,Female,PO Box 2074
946,Jennilee,Timothy,jtimothyq9@theguardian.com,Female,Room 1239
947,Cher,Syce,csyceqa@booking.com,Female,8th Floor
948,Mack,Van Daalen,mvandaalenqb@technorati.com,Male,Apt 830
949,Fergus,Bassindale,fbassindaleqc@51.la,Male,Apt 211
950,Eula,Dietz,edietzqd@discuz.net,Female,PO Box 38718
951,Eugene,Stanworth,estanworthqe@skyrock.com,Male,Room 1768
952,Juan,Oliveto,jolivetoqf@1688.com,Male,PO Box 8340
953,Jewelle,Blasi,jblasiqg@nasa.gov,Female,PO Box 95084
954,Seymour,Perone,speroneqh@go.com,Male,PO Box 15780
955,Franky,Esmead,fesmeadqi@patch.com,Female,PO Box 71699
956,Charleen,Karpfen,ckarpfenqj@alexa.com,Female,Suite 6
957,Claire,Lampens,clampensqk@google.com.au,Male,10th Floor
958,Aimee,Walby,awalbyql@usa.gov,Female,6th Floor
959,Ernst,Gaskins,egaskinsqm@apache.org,Male,Apt 464
960,Georgi,Horder,ghorderqn@who.int,Male,PO Box 31307
961,Calley,Cockshutt,ccockshuttqo@blogger.com,Female,Apt 1907
962,Rudolph,Drohan,rdrohanqp@google.co.uk,Male,Room 880
963,Clemmie,Lucien,clucienqq@imdb.com,Female,14th Floor
964,Rogers,Vlies,rvliesqr@adobe.com,Male,Room 517
965,Torrey,Dilworth,tdilworthqs@icq.com,Male,Suite 38
966,Yalonda,Duckerin,yduckerinqt@google.ca,Female,14th Floor
967,Karrie,Shearsby,kshearsbyqu@weibo.com,Female,Suite 82
968,Anallese,Twallin,atwallinqv@google.com.hk,Female,Room 99
969,Viviene,Warner,vwarnerqw@ebay.co.uk,Female,PO Box 94416
970,Teresina,Surfleet,tsurfleetqx@eventbrite.com,Female,PO Box 76178
971,Eleanor,Youings,eyouingsqy@dagondesign.com,Female,PO Box 67020
972,Caresse,Fleeming,cfleemingqz@altervista.org,Female,Room 72
973,Luella,Kilgrew,lkilgrewr0@hostgator.com,Female,Room 575
974,Faun,Pawlicki,fpawlickir1@behance.net,Female,Suite 74
975,Ilyse,Frounks,ifrounksr2@ucsd.edu,Female,Suite 20
976,Rutherford,Foli,rfolir3@geocities.jp,Male,Room 1687
977,Babbette,Burditt,bburdittr4@mozilla.org,Female,16th Floor
978,Rosabelle,Caulder,rcaulderr5@shop-pro.jp,Female,Suite 5
979,Ev,Bloodworthe,ebloodworther6@spiegel.de,Male,Suite 39
980,Mikey,Higgonet,mhiggonetr7@bloomberg.com,Male,Room 1530
981,Edd,Cail,ecailr8@europa.eu,Male,Room 218
982,Duffie,Volks,dvolksr9@pagesperso-orange.fr,Male,Apt 312
983,Dale,Haggie,dhaggiera@latimes.com,Female,PO Box 27614
984,Jacky,Bonnin,jbonninrb@virginia.edu,Male,Room 764
985,Cullie,Madgwick,cmadgwickrc@photobucket.com,Male,PO Box 56951
986,Carrol,Wenham,cwenhamrd@google.com.br,Male,Room 1955
987,Isiahi,Alliot,ialliotre@wikia.com,Male,PO Box 61171
988,Mariel,Stubbin,mstubbinrf@thetimes.co.uk,Polygender,Room 1547
989,Serena,Cloy,scloyrg@ameblo.jp,Female,PO Box 51986
990,Dwight,Ramelet,drameletrh@furl.net,Male,PO Box 8928
991,Mariana,Petre,mpetreri@npr.org,Female,Room 99
992,Adriena,Portsmouth,aportsmouthrj@smh.com.au,Female,PO Box 58659
993,Noellyn,Poynton,npoyntonrk@weather.com,Female,Room 867
994,Liam,Anstie,lanstierl@stumbleupon.com,Male,16th Floor
995,Kali,Dalling,kdallingrm@earthlink.net,Female,11th Floor
996,Thomasina,Regnard,tregnardrn@ezinearticles.com,Female,Room 992
997,Mirabella,McLarens,mmclarensro@hatena.ne.jp,Female,Suite 45
998,Rosemonde,Connew,rconnewrp@state.gov,Non-binary,Suite 48
999,Nathanael,O' Dooley,nodooleyrq@cdbaby.com,Male,Apt 123
1000,Mead,Dolling,mdollingrr@gravatar.com,Male,Suite 15
